variant,label_set,split,scorer,auprc,precision@20,mcc,chains,residues,positive_rate,threshold,n_features,best_iteration,esm_components
esm_union,chain,val,score,0.3887,0.2615,0.3015,109.0,33990.0,0.0529,0.7548,100,530,64
esm_union,chain,val,rel_sasa_assembly,0.1157,0.1119,0.1299,109.0,33990.0,0.0529,0.7548,100,530,64
esm_union,chain,val,protrusion,0.0757,0.0266,-0.0168,109.0,33990.0,0.0529,0.7548,100,530,64
esm_union,union,val,score,0.459,0.3954,0.284,109.0,33990.0,0.1019,0.7548,100,530,64
esm_union,union,val,rel_sasa_assembly,0.1716,0.1743,0.1696,109.0,33990.0,0.1019,0.7548,100,530,64
esm_union,union,val,protrusion,0.1129,0.0284,0.0518,109.0,33990.0,0.1019,0.7548,100,530,64
esm_union,chain,test_group2,score,0.3427,0.2949,0.1666,234.0,68297.0,0.0516,0.7548,100,530,64
esm_union,chain,test_group2,rel_sasa_assembly,0.1315,0.109,0.12,234.0,68297.0,0.0516,0.7548,100,530,64
esm_union,chain,test_group2,protrusion,0.0938,0.035,-0.0116,234.0,68297.0,0.0516,0.7548,100,530,64
esm_union,union,test_group2,score,0.3563,0.3235,0.2657,234.0,68297.0,0.06,0.7548,100,530,64
esm_union,union,test_group2,rel_sasa_assembly,0.1459,0.1256,0.1276,234.0,68297.0,0.06,0.7548,100,530,64
esm_union,union,test_group2,protrusion,0.1075,0.0421,-0.0041,234.0,68297.0,0.06,0.7548,100,530,64
esm_union,chain,test_B,score,0.1463,0.1224,0.1178,38.0,10987.0,0.0695,0.7548,100,530,64
esm_union,chain,test_B,rel_sasa_assembly,0.1461,0.1539,0.1325,38.0,10987.0,0.0695,0.7548,100,530,64
esm_union,chain,test_B,protrusion,0.0947,0.0408,-0.0045,38.0,10987.0,0.0695,0.7548,100,530,64
esm_union,union,test_B,score,0.1772,0.1421,0.093,38.0,10987.0,0.1001,0.7548,100,530,64
esm_union,union,test_B,rel_sasa_assembly,0.1826,0.1987,0.162,38.0,10987.0,0.1001,0.7548,100,530,64
esm_union,union,test_B,protrusion,0.1224,0.0447,-0.0292,38.0,10987.0,0.1001,0.7548,100,530,64
esm_weighted,chain,val,score,0.4058,0.2711,0.3049,109.0,33990.0,0.0529,0.9024,100,711,64
esm_weighted,chain,val,rel_sasa_assembly,0.1157,0.1119,0.1299,109.0,33990.0,0.0529,0.9024,100,711,64
esm_weighted,chain,val,protrusion,0.0757,0.0266,-0.0168,109.0,33990.0,0.0529,0.9024,100,711,64
esm_weighted,union,val,score,0.4633,0.395,0.2908,109.0,33990.0,0.1019,0.9024,100,711,64
esm_weighted,union,val,rel_sasa_assembly,0.1716,0.1743,0.1696,109.0,33990.0,0.1019,0.9024,100,711,64
esm_weighted,union,val,protrusion,0.1129,0.0284,0.0518,109.0,33990.0,0.1019,0.9024,100,711,64
esm_weighted,chain,test_group2,score,0.3789,0.315,0.1618,234.0,68297.0,0.0516,0.9024,100,711,64
esm_weighted,chain,test_group2,rel_sasa_assembly,0.1315,0.109,0.12,234.0,68297.0,0.0516,0.9024,100,711,64
esm_weighted,chain,test_group2,protrusion,0.0938,0.035,-0.0116,234.0,68297.0,0.0516,0.9024,100,711,64
esm_weighted,union,test_group2,score,0.3875,0.3425,0.3031,234.0,68297.0,0.06,0.9024,100,711,64
esm_weighted,union,test_group2,rel_sasa_assembly,0.1459,0.1256,0.1276,234.0,68297.0,0.06,0.9024,100,711,64
esm_weighted,union,test_group2,protrusion,0.1075,0.0421,-0.0041,234.0,68297.0,0.06,0.9024,100,711,64
esm_weighted,chain,test_B,score,0.1606,0.1197,0.1252,38.0,10987.0,0.0695,0.9024,100,711,64
esm_weighted,chain,test_B,rel_sasa_assembly,0.1461,0.1539,0.1325,38.0,10987.0,0.0695,0.9024,100,711,64
esm_weighted,chain,test_B,protrusion,0.0947,0.0408,-0.0045,38.0,10987.0,0.0695,0.9024,100,711,64
esm_weighted,union,test_B,score,0.1908,0.1382,0.0951,38.0,10987.0,0.1001,0.9024,100,711,64
esm_weighted,union,test_B,rel_sasa_assembly,0.1826,0.1987,0.162,38.0,10987.0,0.1001,0.9024,100,711,64
esm_weighted,union,test_B,protrusion,0.1224,0.0447,-0.0292,38.0,10987.0,0.1001,0.9024,100,711,64
esm32,chain,val,score,0.4204,0.2821,0.3077,109.0,33990.0,0.0529,0.8462,68,900,32
esm32,chain,val,rel_sasa_assembly,0.1157,0.1119,0.1299,109.0,33990.0,0.0529,0.8462,68,900,32
esm32,chain,val,protrusion,0.0757,0.0266,-0.0168,109.0,33990.0,0.0529,0.8462,68,900,32
esm32,union,val,score,0.4818,0.4119,0.2952,109.0,33990.0,0.1019,0.8462,68,900,32
esm32,union,val,rel_sasa_assembly,0.1716,0.1743,0.1696,109.0,33990.0,0.1019,0.8462,68,900,32
esm32,union,val,protrusion,0.1129,0.0284,0.0518,109.0,33990.0,0.1019,0.8462,68,900,32
esm32,chain,test_group2,score,0.3659,0.3096,0.2358,234.0,68297.0,0.0516,0.8462,68,900,32
esm32,chain,test_group2,rel_sasa_assembly,0.1315,0.109,0.12,234.0,68297.0,0.0516,0.8462,68,900,32
esm32,chain,test_group2,protrusion,0.0938,0.035,-0.0116,234.0,68297.0,0.0516,0.8462,68,900,32
esm32,union,test_group2,score,0.3767,0.3372,0.3126,234.0,68297.0,0.06,0.8462,68,900,32
esm32,union,test_group2,rel_sasa_assembly,0.1459,0.1256,0.1276,234.0,68297.0,0.06,0.8462,68,900,32
esm32,union,test_group2,protrusion,0.1075,0.0421,-0.0041,234.0,68297.0,0.06,0.8462,68,900,32
esm32,chain,test_B,score,0.1523,0.0947,0.1296,38.0,10987.0,0.0695,0.8462,68,900,32
esm32,chain,test_B,rel_sasa_assembly,0.1461,0.1539,0.1325,38.0,10987.0,0.0695,0.8462,68,900,32
esm32,chain,test_B,protrusion,0.0947,0.0408,-0.0045,38.0,10987.0,0.0695,0.8462,68,900,32
esm32,union,test_B,score,0.1795,0.0974,0.0951,38.0,10987.0,0.1001,0.8462,68,900,32
esm32,union,test_B,rel_sasa_assembly,0.1826,0.1987,0.162,38.0,10987.0,0.1001,0.8462,68,900,32
esm32,union,test_B,protrusion,0.1224,0.0447,-0.0292,38.0,10987.0,0.1001,0.8462,68,900,32
esm64,chain,val,score,0.4255,0.283,0.3106,109.0,33990.0,0.0529,0.8975,100,957,64
esm64,chain,val,rel_sasa_assembly,0.1157,0.1119,0.1299,109.0,33990.0,0.0529,0.8975,100,957,64
esm64,chain,val,protrusion,0.0757,0.0266,-0.0168,109.0,33990.0,0.0529,0.8975,100,957,64
esm64,union,val,score,0.4866,0.4183,0.3035,109.0,33990.0,0.1019,0.8975,100,957,64
esm64,union,val,rel_sasa_assembly,0.1716,0.1743,0.1696,109.0,33990.0,0.1019,0.8975,100,957,64
esm64,union,val,protrusion,0.1129,0.0284,0.0518,109.0,33990.0,0.1019,0.8975,100,957,64
esm64,chain,test_group2,score,0.372,0.3132,0.1923,234.0,68297.0,0.0516,0.8975,100,957,64
esm64,chain,test_group2,rel_sasa_assembly,0.1315,0.109,0.12,234.0,68297.0,0.0516,0.8975,100,957,64
esm64,chain,test_group2,protrusion,0.0938,0.035,-0.0116,234.0,68297.0,0.0516,0.8975,100,957,64
esm64,union,test_group2,score,0.384,0.341,0.3624,234.0,68297.0,0.06,0.8975,100,957,64
esm64,union,test_group2,rel_sasa_assembly,0.1459,0.1256,0.1276,234.0,68297.0,0.06,0.8975,100,957,64
esm64,union,test_group2,protrusion,0.1075,0.0421,-0.0041,234.0,68297.0,0.06,0.8975,100,957,64
esm64,chain,test_B,score,0.1534,0.1145,0.1158,38.0,10987.0,0.0695,0.8975,100,957,64
esm64,chain,test_B,rel_sasa_assembly,0.1461,0.1539,0.1325,38.0,10987.0,0.0695,0.8975,100,957,64
esm64,chain,test_B,protrusion,0.0947,0.0408,-0.0045,38.0,10987.0,0.0695,0.8975,100,957,64
esm64,union,test_B,score,0.1805,0.1197,0.0549,38.0,10987.0,0.1001,0.8975,100,957,64
esm64,union,test_B,rel_sasa_assembly,0.1826,0.1987,0.162,38.0,10987.0,0.1001,0.8975,100,957,64
esm64,union,test_B,protrusion,0.1224,0.0447,-0.0292,38.0,10987.0,0.1001,0.8975,100,957,64
esm256,chain,val,score,0.4174,0.283,0.3017,109.0,33990.0,0.0529,0.6831,292,816,256
esm256,chain,val,rel_sasa_assembly,0.1157,0.1119,0.1299,109.0,33990.0,0.0529,0.6831,292,816,256
esm256,chain,val,protrusion,0.0757,0.0266,-0.0168,109.0,33990.0,0.0529,0.6831,292,816,256
esm256,union,val,score,0.4832,0.422,0.3064,109.0,33990.0,0.1019,0.6831,292,816,256
esm256,union,val,rel_sasa_assembly,0.1716,0.1743,0.1696,109.0,33990.0,0.1019,0.6831,292,816,256
esm256,union,val,protrusion,0.1129,0.0284,0.0518,109.0,33990.0,0.1019,0.6831,292,816,256
esm256,chain,test_group2,score,0.3901,0.3199,0.3104,234.0,68297.0,0.0516,0.6831,292,816,256
esm256,chain,test_group2,rel_sasa_assembly,0.1315,0.109,0.12,234.0,68297.0,0.0516,0.6831,292,816,256
esm256,chain,test_group2,protrusion,0.0938,0.035,-0.0116,234.0,68297.0,0.0516,0.6831,292,816,256
esm256,union,test_group2,score,0.4001,0.3483,0.3562,234.0,68297.0,0.06,0.6831,292,816,256
esm256,union,test_group2,rel_sasa_assembly,0.1459,0.1256,0.1276,234.0,68297.0,0.06,0.6831,292,816,256
esm256,union,test_group2,protrusion,0.1075,0.0421,-0.0041,234.0,68297.0,0.06,0.6831,292,816,256
esm256,chain,test_B,score,0.1822,0.1763,0.1072,38.0,10987.0,0.0695,0.6831,292,816,256
esm256,chain,test_B,rel_sasa_assembly,0.1461,0.1539,0.1325,38.0,10987.0,0.0695,0.6831,292,816,256
esm256,chain,test_B,protrusion,0.0947,0.0408,-0.0045,38.0,10987.0,0.0695,0.6831,292,816,256
esm256,union,test_B,score,0.2156,0.2066,0.0549,38.0,10987.0,0.1001,0.6831,292,816,256
esm256,union,test_B,rel_sasa_assembly,0.1826,0.1987,0.162,38.0,10987.0,0.1001,0.6831,292,816,256
esm256,union,test_B,protrusion,0.1224,0.0447,-0.0292,38.0,10987.0,0.1001,0.6831,292,816,256
esm,chain,val,score,0.433,0.2936,0.3118,109.0,33990.0,0.0529,0.9009,164,962,128
esm,chain,val,rel_sasa_assembly,0.1157,0.1119,0.1299,109.0,33990.0,0.0529,0.9009,164,962,128
esm,chain,val,protrusion,0.0757,0.0266,-0.0168,109.0,33990.0,0.0529,0.9009,164,962,128
esm,union,val,score,0.4993,0.4275,0.3086,109.0,33990.0,0.1019,0.9009,164,962,128
esm,union,val,rel_sasa_assembly,0.1716,0.1743,0.1696,109.0,33990.0,0.1019,0.9009,164,962,128
esm,union,val,protrusion,0.1129,0.0284,0.0518,109.0,33990.0,0.1019,0.9009,164,962,128
esm,chain,test_group2,score,0.384,0.3143,0.1859,234.0,68297.0,0.0516,0.9009,164,962,128
esm,chain,test_group2,rel_sasa_assembly,0.1315,0.109,0.12,234.0,68297.0,0.0516,0.9009,164,962,128
esm,chain,test_group2,protrusion,0.0938,0.035,-0.0116,234.0,68297.0,0.0516,0.9009,164,962,128
esm,union,test_group2,score,0.3955,0.3468,0.37,234.0,68297.0,0.06,0.9009,164,962,128
esm,union,test_group2,rel_sasa_assembly,0.1459,0.1256,0.1276,234.0,68297.0,0.06,0.9009,164,962,128
esm,union,test_group2,protrusion,0.1075,0.0421,-0.0041,234.0,68297.0,0.06,0.9009,164,962,128
esm,chain,test_B,score,0.1711,0.1408,0.1175,38.0,10987.0,0.0695,0.9009,164,962,128
esm,chain,test_B,rel_sasa_assembly,0.1461,0.1539,0.1325,38.0,10987.0,0.0695,0.9009,164,962,128
esm,chain,test_B,protrusion,0.0947,0.0408,-0.0045,38.0,10987.0,0.0695,0.9009,164,962,128
esm,union,test_B,score,0.2,0.1579,0.0456,38.0,10987.0,0.1001,0.9009,164,962,128
esm,union,test_B,rel_sasa_assembly,0.1826,0.1987,0.162,38.0,10987.0,0.1001,0.9009,164,962,128
esm,union,test_B,protrusion,0.1224,0.0447,-0.0292,38.0,10987.0,0.1001,0.9009,164,962,128
structural,chain,val,score,0.3885,0.2771,0.2912,109.0,33990.0,0.0529,0.8669,36,411,0
structural,chain,val,rel_sasa_assembly,0.1157,0.1119,0.1299,109.0,33990.0,0.0529,0.8669,36,411,0
structural,chain,val,protrusion,0.0757,0.0266,-0.0168,109.0,33990.0,0.0529,0.8669,36,411,0
structural,union,val,score,0.439,0.3711,0.2499,109.0,33990.0,0.1019,0.8669,36,411,0
structural,union,val,rel_sasa_assembly,0.1716,0.1743,0.1696,109.0,33990.0,0.1019,0.8669,36,411,0
structural,union,val,protrusion,0.1129,0.0284,0.0518,109.0,33990.0,0.1019,0.8669,36,411,0
structural,chain,test_group2,score,0.288,0.2481,0.1818,234.0,68297.0,0.0516,0.8669,36,411,0
structural,chain,test_group2,rel_sasa_assembly,0.1315,0.109,0.12,234.0,68297.0,0.0516,0.8669,36,411,0
structural,chain,test_group2,protrusion,0.0938,0.035,-0.0116,234.0,68297.0,0.0516,0.8669,36,411,0
structural,union,test_group2,score,0.2983,0.2701,0.1731,234.0,68297.0,0.06,0.8669,36,411,0
structural,union,test_group2,rel_sasa_assembly,0.1459,0.1256,0.1276,234.0,68297.0,0.06,0.8669,36,411,0
structural,union,test_group2,protrusion,0.1075,0.0421,-0.0041,234.0,68297.0,0.06,0.8669,36,411,0
structural,chain,test_B,score,0.1921,0.1947,0.0509,38.0,10987.0,0.0695,0.8669,36,411,0
structural,chain,test_B,rel_sasa_assembly,0.1461,0.1539,0.1325,38.0,10987.0,0.0695,0.8669,36,411,0
structural,chain,test_B,protrusion,0.0947,0.0408,-0.0045,38.0,10987.0,0.0695,0.8669,36,411,0
structural,union,test_B,score,0.2275,0.2171,0.039,38.0,10987.0,0.1001,0.8669,36,411,0
structural,union,test_B,rel_sasa_assembly,0.1826,0.1987,0.162,38.0,10987.0,0.1001,0.8669,36,411,0
structural,union,test_B,protrusion,0.1224,0.0447,-0.0292,38.0,10987.0,0.1001,0.8669,36,411,0
